INSERT INTO FILMS.USERS
    (id, name, birthday, login, email)
    VALUES
        (100, 'Sergey', '2020-01-02', 'serdj', 'serdj@gmail.com'),
        (101, 'Alex', '2020-01-02', 'alex', 'alex@gmail.com'),
        (102, 'Dan', '2020-01-02', 'dan', 'dan@gmail.com');

INSERT INTO FILMS.FILMS (ID, NAME, DESCRIPTION, RELEASE_DATE, DURATION, RATING)
    VALUES ( 100, 'film1', 'desc1', '1989-01-01', 100,  1),
           ( 101, 'film2', 'desc2', '1989-01-01', 100,  2),
           ( 102, 'film3', 'desc3', '1989-01-01', 100,  3);

INSERT INTO FILMS.LIKES (FILM_ID, USER_ID) VALUES (100, 100);
INSERT INTO FILMS.LIKES (FILM_ID, USER_ID) VALUES (100, 101);
INSERT INTO FILMS.LIKES (FILM_ID, USER_ID) VALUES (101, 101);

INSERT INTO FILMS.FRIENDS (USER_ID, FRIEND_ID, APPROOVED)
    VALUES ( 100, 101, 'waitig' ),
            ( 100, 102, 'waitig' ),
            ( 101, 102, 'waitig' ),
            ( 101, 100, 'aprooved' );



MERGE INTO FILMS.GENRE_TYPE (GENRE_ID, DESCRIPTION) values ('1', 'COMEDY');
MERGE INTO FILMS.GENRE_TYPE (GENRE_ID, DESCRIPTION) values ('2', 'DRAMA');
MERGE INTO FILMS.GENRE_TYPE (GENRE_ID, DESCRIPTION) values ('3', 'COMEDY');
MERGE INTO FILMS.GENRE_TYPE (GENRE_ID, DESCRIPTION) values ('4', 'CARTOON');
MERGE INTO FILMS.GENRE_TYPE (GENRE_ID, DESCRIPTION) values ('5', 'THRILLER');
MERGE INTO FILMS.GENRE_TYPE (GENRE_ID, DESCRIPTION) values ('6', 'ACTION');

MERGE INTO FILMS.RATING (RATING_ID, DESCRIPTION) VALUES ('1', 'G');
MERGE INTO FILMS.RATING (RATING_ID, DESCRIPTION) VALUES ('2', 'PG');
MERGE INTO FILMS.RATING (RATING_ID, DESCRIPTION) VALUES ('3', 'PG_13');
MERGE INTO FILMS.RATING (RATING_ID, DESCRIPTION) VALUES ('4', 'R');
MERGE INTO FILMS.RATING (RATING_ID, DESCRIPTION) VALUES ('5', 'NC_17');